<?xml version="1.0" encoding="UTF-8"?>
<metadata xml:lang="pt"><Esri><CreaDate>20151106</CreaDate><CreaTime>17533800</CreaTime><ArcGISFormat>1.0</ArcGISFormat><SyncOnce>TRUE</SyncOnce><DataProperties><lineage><Process Name="SCR_TRATA_PARAMETROS" ToolSource="D:\Dados\Projetos\Desenvolvimento\GISBA_DT\GPS\TBX_SCRIPTS.tbx\SCRTRATAPARAMETROS" Date="20140227" Time="094133">SCRTRATAPARAMETROS DUTO_CD_CODIGO=620 D:\arcgisserver\gisdados\sdecon\DC_GISBA_PRD.sde D:\arcgisserver\gisdados\sdecon\DC_GISBA_PRD.sde\GISBA.TB_DT_DUTO</Process><Process Name="SCR_TRATA_PARAMETROS" ToolSource="D:\Dados\Projetos\Desenvolvimento\GISBA_DT\GPS\TBX_SCRIPTS.tbx\SCRTRATAPARAMETROS" Date="20140227" Time="100529">SCRTRATAPARAMETROS DUTO_CD_CODIGO=620 D:\arcgisserver\gisdados\sdecon\DC_GISBA_PRD.sde D:\arcgisserver\gisdados\sdecon\DC_GISBA_PRD.sde\GISBA.TB_DT_DUTO</Process><Process Name="SCR_TRATA_PARAMETROS" ToolSource="D:\Dados\Projetos\Desenvolvimento\GISBA_DT\GPS\TBX_SCRIPTS.tbx\SCRTRATAPARAMETROS" Date="20140227" Time="100641">SCRTRATAPARAMETROS DUTO_CD_CODIGO=620 D:\arcgisserver\gisdados\sdecon\DC_GISBA_PRD.sde D:\arcgisserver\gisdados\sdecon\DC_GISBA_PRD.sde\GISBA.TB_DT_DUTO</Process><Process Name="SCR_TRATA_PARAMETROS" ToolSource="D:\Dados\Projetos\Desenvolvimento\GISBA_DT\GPS\TBX_SCRIPTS.tbx\SCRTRATAPARAMETROS" Date="20140227" Time="100723">SCRTRATAPARAMETROS DUTO_CD_CODIGO=620 D:\arcgisserver\gisdados\sdecon\DC_GISBA_PRD.sde D:\arcgisserver\gisdados\sdecon\DC_GISBA_PRD.sde\GISBA.TB_DT_DUTO</Process><Process Name="SCR_TRATA_PARAMETROS" ToolSource="D:\Dados\Projetos\Desenvolvimento\GISBA_DT\GPS\TBX_SCRIPTS.tbx\SCRTRATAPARAMETROS" Date="20140227" Time="100841">SCRTRATAPARAMETROS DUTO_CD_CODIGO=620 D:\arcgisserver\gisdados\sdecon\DC_GISBA_PRD.sde D:\arcgisserver\gisdados\sdecon\DC_GISBA_PRD.sde\GISBA.TB_DT_DUTO</Process><Process Name="SCR_TRATA_PARAMETROS" ToolSource="D:\Dados\Projetos\Desenvolvimento\GISBA_DT\GPS\TBX_SCRIPTS.tbx\SCRTRATAPARAMETROS" Date="20140227" Time="101220">SCRTRATAPARAMETROS DUTO_CD_CODIGO=620 D:\arcgisserver\gisdados\sdecon\DC_GISBA_PRD.sde D:\arcgisserver\gisdados\sdecon\DC_GISBA_PRD.sde\GISBA.TB_DT_DUTO</Process><Process Name="SCR_TRATA_PARAMETROS" ToolSource="D:\Dados\Projetos\Desenvolvimento\GISBA_DT\GPS\TBX_SCRIPTS.tbx\SCRTRATAPARAMETROS" Date="20140227" Time="101311">SCRTRATAPARAMETROS DUTO_CD_CODIGO=620 D:\arcgisserver\gisdados\sdecon\DC_GISBA_PRD.sde D:\arcgisserver\gisdados\sdecon\DC_GISBA_PRD.sde\GISBA.TB_DT_DUTO</Process><Process Name="SCR_TRATA_PARAMETROS" ToolSource="D:\Dados\Projetos\Desenvolvimento\GISBA_DT\GPS\TBX_SCRIPTS.tbx\SCRTRATAPARAMETROS" Date="20140227" Time="101747">SCRTRATAPARAMETROS DUTO_CD_CODIGO=620 D:\arcgisserver\gisdados\sdecon\DC_GISBA_PRD.sde</Process><Process Name="SCR_TRATA_PARAMETROS" ToolSource="D:\Dados\Projetos\Desenvolvimento\GISBA_DT\GPS\TBX_SCRIPTS.tbx\SCRTRATAPARAMETROS" Date="20140227" Time="101759">SCRTRATAPARAMETROS DUTO_CD_CODIGO=620 D:\arcgisserver\gisdados\sdecon\DC_GISBA_PRD.sde</Process><Process Name="SCR_TRATA_PARAMETROS" ToolSource="D:\Dados\Projetos\Desenvolvimento\GISBA_DT\GPS\TBX_SCRIPTS.tbx\SCRTRATAPARAMETROS" Date="20140227" Time="101842">SCRTRATAPARAMETROS DUTO_CD_CODIGO=620 D:\arcgisserver\gisdados\sdecon\DC_GISBA_PRD.sde</Process><Process Name="SCR_TRATA_PARAMETROS" ToolSource="D:\Dados\Projetos\Desenvolvimento\GISBA_DT\GPS\TBX_SCRIPTS.tbx\SCRTRATAPARAMETROS" Date="20140227" Time="104023">SCRTRATAPARAMETROS DUTO_CD_CODIGO=620 D:\arcgisserver\gisdados\sdecon\DC_GISBA_PRD.sde</Process><Process Name="Script2" ToolSource="C:\Users\uo24\Desktop\teste_FGDBtoDNG\Toolbox (2).tbx\Script" Date="20141211" Time="094242">Script C:\Users\uo24\Documents\ArcGIS GISBA.TB_DT_DUTO</Process><Process Name="Script2" ToolSource="C:\Users\uo24\Desktop\teste_FGDBtoDNG\Toolbox (2).tbx\Script" Date="20141211" Time="094242">Script C:\Users\uo24\Documents\ArcGIS GISBA.TB_DT_DUTO</Process><Process ToolSource="c:\program files (x86)\arcgis\desktop10.1\ArcToolbox\Toolboxes\Data Management Tools.tbx\CalculateField" Date="20151106" Time="175722">CalculateField Dutos_Transferencia_ate20151106 UF "BA" VB #</Process><Process ToolSource="c:\program files (x86)\arcgis\desktop10.1\ArcToolbox\Toolboxes\Data Management Tools.tbx\CalculateField" Date="20151106" Time="175747">CalculateField Dutos_Transferencia_ate20151106 Classe "Duto" VB #</Process><Process ToolSource="c:\program files (x86)\arcgis\desktop10.1\ArcToolbox\Toolboxes\Data Management Tools.tbx\CalculateField" Date="20151106" Time="175833">CalculateField Dutos_Transferencia_ate20151106 NOME [DUTO_NM_DU] VB #</Process><Process ToolSource="c:\program files (x86)\arcgis\desktop10.1\ArcToolbox\Toolboxes\Data Management Tools.tbx\CalculateField" Date="20151106" Time="175922">CalculateField Dutos_Transferencia_ate20151106 NOME [DUTO_NM_DU] VB #</Process></lineage></DataProperties></Esri></metadata>
